{
  "name": "zeanon_argus_hardware_monitor",
  "displayName": "Argus Monitor Hardware Monitor",
  "author": "Zeanon",
  "description": null,
  "assembly": "Plugin.ArgusHardwareMonitor.dll",
  "localization": "Resources/Localization",
  "settings": [
    {
      "type": "select",
      "name": "update_frequency",
      "label": "settings.update.title",
      "description": "settings.update.desc",
      "required": false,
      "defaultValue": "1000",
      "options": [
        {
          "label": "500 ms",
          "value": "500"
        },
        {
          "label": "750 ms",
          "value": "750"
        },
        {
          "label": "1000 ms",
          "value": "1000"
        },
        {
          "label": "1500 ms",
          "value": "1500"
        },
        {
          "label": "2000 ms",
          "value": "2000"
        },
        {
          "label": "3000 ms",
          "value": "3000"
        },
        {
          "label": "4000 ms",
          "value": "4000"
        },
        {
          "label": "5000 ms",
          "value": "5000"
        }
      ]
    },
    {
      "type": "checkbox",
      "name": "cpu_enabled",
      "label": "settings.cpu.title",
      "description": "settings.cpu.desc",
      "defaultValue": true,
      "required": false
    },
    {
      "type": "checkbox",
      "name": "gpu_enabled",
      "label": "settings.gpu.title",
      "description": "settings.gpu.desc",
      "defaultValue": true,
      "required": false
    },
    {
      "type": "checkbox",
      "name": "ram_enabled",
      "label": "settings.ram.title",
      "description": "settings.ram.desc",
      "defaultValue": true,
      "required": false
    },
    {
      "type": "checkbox",
      "name": "motherboard_enabled",
      "label": "settings.motherboard.title",
      "description": "settings.motherboard.desc",
      "defaultValue": true,
      "required": false
    },
    {
      "type": "checkbox",
      "name": "hdd_enabled",
      "label": "settings.drives.title",
      "description": "settings.drives.desc",
      "defaultValue": true,
      "required": false
    },
    {
      "type": "checkbox",
      "name": "network_enabled",
      "label": "settings.network.title",
      "description": "settings.network.desc",
      "defaultValue": true,
      "required": false
    },
    {
      "type": "checkbox",
      "name": "battery_enabled",
      "label": "settings.battery.title",
      "description": "settings.battery.desc",
      "defaultValue": true,
      "required": false
    },
        {
      "type": "checkbox",
      "name": "argus_enabled",
      "label": "settings.argus.title",
      "description": "settings.argus.desc",
      "defaultValue": true,
      "required": false
    },
    {
      "type": "number",
      "name": "init_delay",
      "label": "settings.delay.title",
      "description": "settings.delay.desc",
      "required": false,
      "defaultValue": 0,
      "min": 0
    }
  ]
}