{
  "settings.update.desc": "Frequenz in Millisekunden in der die Sensoren ausgelesen werden um die Metriken zu aktualisieren",
  "settings.update.title": "Updateintervall",
  "settings.controller.desc": "Ob Controller überwacht werden sollen",
  "settings.controller.title": "Controller",
  "settings.cpu.desc": "Ob der Prozessor (CPU) überwacht werden soll",
  "settings.cpu.title": "Prozessor",
  "settings.drives.desc": "Ob Laufwerke (HDDs, SSDs,..) überwacht werden sollen",
  "settings.drives.title": "Laufwerke",
  "settings.gpu.desc": "Ob die Grafikkarte (GPU) überwacht werden soll",
  "settings.gpu.title": "Grafikkarte",
  "settings.motherboard.desc": "Ob die Motherboard-Sensoren überwacht werden sollen",
  "settings.motherboard.title": "Hauptplatine",
  "settings.network.desc": "Ob die Netzwerkaktivität überwacht werden soll",
  "settings.network.title": "Netzwerk",
  "settings.psu.desc": "Ob das Netzteil (PSU) überwacht werden soll",
  "settings.psu.title": "Netzteil",
  "settings.ram.desc": "Ob der Arbeitsspeicher (RAM) überwacht werden soll",
  "settings.ram.title": "Arbeitsspeicher",
  "settings.battery.desc": "Ob die Batterie überwacht werden soll",
  "settings.battery.title": "Batterie",
  "settings.delay.desc": "Optionale Verzögerung vor der Initialisierung und Abfrage der Sensoren (in Sekunden)",
  "settings.delay.title": "Initialisierungsverzögerung"
}
